8796127923737;;;;;false
8796127759897;;;;;false
8796127759897;;;;;false
8796127825433;;;;;false
8796130348564;8796130610708;8798592041579;variation;;false
8796127825433;;;;;false
8796130446868;8796130512404;8798592074347;variation;;false
8796130315796;8796130479636;8798591943275;variation;;false
8796130283028;8796130577940;8798591976043;variation;;false
8796127792665;;;;;false
8796130381332;8796130643476;8798592107115;;;true
8796127825425;;;;;false
8796127858193;;;;8796093910546->8796094139922;true
8796093910546;8796094139922;8798592205419;allDocuments,variations,assignedCockpitItemTemplates,comments,status;;true
8796127890961;;;;;false
8796127825425;;;;8796093943314->8796094205458;true
8796093943314;8796094205458;8798592238187;allDocuments,variations,assignedCockpitItemTemplates,comments,status;;true
