8796093089984;8796093155520;8797488710251;activationSet;;false
8796093057226;;;;;false
8796093122762;;;;;false
8796093155530;;;;;false
8796093089994;;;;;false
8796093253834;;;;;false
8796093286602;;;;;false
8796093221066;;;;;false
8796093188298;;;;;false
8796093352138;;;;;false
8796093384906;;;;;false
8796093319370;;;;;false
8796093417674;;;;;false
8796093483210;;;;;false
8796093515978;;;;;false
8796093450442;;;;;false
8796093548746;;;;;false
8796093581514;;;;;false
8796093647050;;;;;false
8796093614282;;;;;false
8796093679818;;;;;false
8796093778122;;;;;false
8796093712586;;;;;false
8796093745354;;;;;false
8796093810890;;;;;false
8796093843658;;;;;false
8796093876426;;;;;false
8796093122760;;;;;false
8796093057224;;;;;false
8796093089992;;;;;false
8796093122758;8796093188294;8797488775787;searchProfiles;;false
8796126087362;;;;;false
8796093089985;;;;;false
8796093057225;;;;;false
8796126120130;;;;;false
8796126054594;;;;;false
8796126152898;;;;;false
8796125989058;;;;;false
8796093089993;;;;;false
8796125956290;;;;;false
8796126021826;;;;;false
8796093122761;;;;;false
8796126218434;;;;;false
8796126185666;;;;;false
8796484403230;8796491841566;8797488808555;mediaContainer;;false
8796484403230;;;;8796159672370->8796159803442;true
8796484501534;8796491907102;8797488906859;mediaContainer;;false
8796484370462;8796491939870;8797488972395;mediaContainer;;false
8796484534302;8796491972638;8797488939627;mediaContainer;;false
8796484435998;;;;8796159737906->8796159770674;true
8796484468766;8796491808798;8797488841323;mediaContainer;;false
8796484435998;8796491874334;8797488874091;mediaContainer;;false
8796484501534;;;;8796159705138->8796159836210;true
8796159737906;8796159868978;8797489037931;allDocuments,assignedCockpitItemTemplates,conversionGroup,medias;;true
8796159672370;8796159901746;8797489005163;allDocuments,assignedCockpitItemTemplates,conversionGroup,medias;;true
8796159705138;8796159934514;8797489070699;allDocuments,assignedCockpitItemTemplates,conversionGroup,medias;;true
