8796566488109;;;;;false
8796566651949;;;;;false
8796566783021;;;;;false
8796566717485;;;;;false
8796566815789;;;;;false
8796566520877;;;;;false
8796566586413;;;;;false
8796566684717;;;;;false
8796566553645;;;;;false
8796566619181;;;;;false
8796566750253;;;;;false
8796566881325;;;;;false
8796566848557;;;;;false
8796566914093;;;;;false
8796307784746;;;;8796220556348->8796220687420;true
8796307751978;;;;8796220654652->8796220851260;true
8796220621884;;;;8796220589116->8796220884028,8796096791602->8796097020978;true
8796220589116;8796220884028;;components,parents,restrictions,assignedCockpitItemTemplates,comments;8796096791602->8796097020978;true
8796220589116;;;;;true
8796220556348;;;;;true
8796096791602;8796097020978;8798555767403;allDocuments,components,inverseRestrictions,pages,assignedCockpitItemTemplates,comments;;true
8796220654652;;;;;true
8796220621884;;;;8796307719210->8796307850282;true
8796307719210;;;;;true
8796113830960;;;;;false
