8796371124225;;;;;false
8796371025921;;;;;false
8796371091457;;;;;false
8796371156993;;;;;false
8796371058689;;;;;false
8796370993153;;;;;false
8796370960385;;;;;false
8796370927617;;;;;false
8796371189761;;;;;false
8796688449566;8796695101470;8796546663019;mediaContainer;;false
8796688482334;8796695232542;8796546826859;mediaContainer;;false
8796688515102;8796695035934;8796546630251;mediaContainer;;false
8796688613406;8796695199774;8796546761323;mediaContainer;;false
8796688580638;8796695003166;8796546728555;mediaContainer;;false
8796688646174;8796695068702;8796546794091;mediaContainer;;false
8796688384030;8796695134238;8796546695787;mediaContainer;;false
8796688547870;8796694970398;8796546925163;mediaContainer;;false
8796688416798;8796695167006;8796546859627;mediaContainer;;false
8796688810014;8796695265310;8796546957931;mediaContainer;;false
8796688875550;8796695298078;8796547056235;mediaContainer;;false
8796688711710;8796695527454;8796547154539;mediaContainer;;false
8796688941086;8796695429150;8796547023467;mediaContainer;;false
8796688842782;8796695396382;8796546990699;mediaContainer;;false
8796688908318;8796695461918;8796547121771;mediaContainer;;false
8796688744478;8796695363614;8796547089003;mediaContainer;;false
8796202926222;8796203057294;8796547252843;products;;false
8796688777246;8796695494686;8796547187307;mediaContainer;;false
8796688678942;8796695330846;8796547220075;mediaContainer;;false
8796689039390;8796695560222;8796547285611;mediaContainer;;false
8796689170462;8796695756830;8796547482219;mediaContainer;;false
8796690022430;8796695625758;8796547416683;mediaContainer;;false
8796688973854;8796695658526;8796547449451;mediaContainer;;false
8796689006622;8796695592990;8796547318379;mediaContainer;;false
8796689104926;8796695724062;8796547351147;mediaContainer;;false
8796689072158;8796695691294;8796547383915;mediaContainer;;false
8796689137694;8796695789598;8796547514987;mediaContainer;;false
8796690055198;8796695822366;8796547547755;mediaContainer;;false
8796690087966;8796695887902;8796547613291;mediaContainer;;false
8796690251806;8796696150046;8796547678827;mediaContainer;;false
8796690284574;8796696182814;8796547809899;mediaContainer;;false
8796690153502;8796696084510;8796547777131;mediaContainer;;false
8796690317342;8796696117278;8796547744363;mediaContainer;;false
8796690350110;8796695986206;8796547842667;mediaContainer;;false
8796690219038;8796696018974;8796547711595;mediaContainer;;false
8796690317342;;;;8796275441714->8796276490290,8796370829313->8796371288065;true
8796690186270;8796696215582;8796547908203;mediaContainer;;false
8796275441714;8796276490290;;medias;8796370829313->8796371288065;true
8796690120734;8796696051742;8796547875435;mediaContainer;;false
8796690481182;8796696346654;8796547940971;mediaContainer;;false
8796690415646;8796696281118;8796548104811;mediaContainer;;false
8796690579486;8796696313886;8796547973739;mediaContainer;;false
8796690612254;8796696444958;8796548072043;mediaContainer;;false
8796690448414;8796696248350;8796548006507;mediaContainer;;false
8796690546718;8796696412190;8796548039275;mediaContainer;;false
8796690382878;8796695953438;8796548203115;mediaContainer;;false
8796690645022;8796696543262;8796548170347;mediaContainer;;false
8796689039390;;;;8796275802162->8796276424754,8796370894849->8796371255297;false
8796690513950;8796696510494;8796548235883;mediaContainer;;false
8796690677790;8796696576030;8796548268651;mediaContainer;;false
8796690710558;8796696608798;8796548301419;mediaContainer;;false
8796690808862;8796696674334;8796548399723;mediaContainer;;false
8796275802162;8796276424754;8796548629099;medias;8796370894849->8796371255297;false
8796690743326;8796696641566;8796548366955;mediaContainer;;false
8796691595294;8796696707102;8796548432491;mediaContainer;;false
8796690776094;8796696739870;8796548465259;mediaContainer;;false
8796370829313;8796371320833;8796548334187;allDocuments,europe1Discounts,europe1Prices,europe1Taxes,features,galleryImages,ownEurope1Discounts,ownEurope1Prices,ownEurope1Taxes,productConfiguration,productEntitlements,productReferences,untypedFeatures,variants,Europe1PriceFactory_PDG,Europe1PriceFactory_PPG,Europe1PriceFactory_PTG,articleStatus,assignedCockpitItemTemplates,bundleTemplates,buyerIDS,conditionalBundleRules,contentUnit,data_sheet,deliveryModes,detail,futureStocks,keywords,linkComponents,logo,normal,others,picture,productInterests,productOrderLimit,simpleBannerComponents,simpleResponsiveBannerComponents,stockLevels,subscriptionTerm,supercategories,targetBundleRules,thumbnail,thumbnails,unit,vendors,videoComponents;;true
8796691759134;8796696805406;8796548498027;mediaContainer;;false
8796691693598;8796696772638;8796548530795;mediaContainer;;false
8796691660830;8796696838174;8796548563563;mediaContainer;;false
8796691726366;8796696870942;8796548596331;mediaContainer;;false
8796691791902;8796696936478;8796548694635;mediaContainer;;false
8796691890206;8796697034782;8796548760171;mediaContainer;;false
8796691955742;8796697100318;8796548858475;mediaContainer;;false
8796691824670;8796696969246;8796548825707;mediaContainer;;false
8796692021278;8796697067550;8796548792939;mediaContainer;;false
8796691857438;8796697002014;8796548727403;mediaContainer;;false
8796691922974;8796697133086;8796548891243;mediaContainer;;false
8796691988510;8796697165854;8796548956779;mediaContainer;;false
8796692054046;8796697198622;8796548924011;mediaContainer;;false
8796692119582;8796697264158;8796548989547;mediaContainer;;false
8796692086814;8796697231390;8796549022315;mediaContainer;;false
8796692185118;8796697362462;8796549055083;mediaContainer;;false
8796692938782;8796697493534;8796549120619;mediaContainer;;false
8796692152350;8796697329694;8796549186155;mediaContainer;;false
8796692906014;8796697395230;8796549218923;mediaContainer;;false
8796692840478;8796697296926;8796549087851;mediaContainer;;false
8796692873246;8796697460766;8796549153387;mediaContainer;;false
8796693037086;8796697591838;8796549317227;mediaContainer;;false
8796692971550;8796697526302;8796549284459;mediaContainer;;false
8796693004318;8796697559070;8796549349995;mediaContainer;;false
8796693069854;8796697624606;8796549382763;mediaContainer;;false
8796693102622;8796697657374;8796549415531;mediaContainer;;false
8796693299230;8796697853982;8796549448299;mediaContainer;;false
8796693233694;8796697788446;8796549513835;mediaContainer;;false
8796693168158;8796697821214;8796549546603;mediaContainer;;false
8796693168158;;;;8796275769394->8796276457522,8796370862081->8796371222529;true
8796275769394;8796276457522;;medias;8796370862081->8796371222529;true
8796693364766;8796697952286;8796549612139;mediaContainer;;false
8796693463070;8796698050590;8796549677675;mediaContainer;;false
8796693200926;8796697755678;8796549775979;mediaContainer;;false
8796693430302;8796698017822;8796549808747;mediaContainer;;false
8796693266462;8796697690142;8796549743211;mediaContainer;;false
8796693200926;;;;8796275769394->8796276883506;true
8796693135390;8796697722910;8796549907051;mediaContainer;;false
8796370862081;8796371353601;8796550005355;allDocuments,europe1Discounts,europe1Prices,europe1Taxes,features,galleryImages,ownEurope1Discounts,ownEurope1Prices,ownEurope1Taxes,productConfiguration,productEntitlements,productReferences,untypedFeatures,variants,Europe1PriceFactory_PDG,Europe1PriceFactory_PPG,Europe1PriceFactory_PTG,articleStatus,assignedCockpitItemTemplates,bundleTemplates,buyerIDS,conditionalBundleRules,contentUnit,data_sheet,deliveryModes,detail,futureStocks,keywords,linkComponents,logo,normal,others,picture,productInterests,productOrderLimit,simpleBannerComponents,simpleResponsiveBannerComponents,stockLevels,subscriptionTerm,supercategories,targetBundleRules,thumbnail,thumbnails,unit,vendors,videoComponents;;true
8796093153422;8796197355662;8796093776491;products;;false
8796275769394;8796277145650;8796550201963;allDocuments,assignedCockpitItemTemplates,conversionGroup,medias;;true
8796191490190;8796197388430;8796093842027;products;;false
8796224620738;8796224948418;8796551742059;allDocuments,excludedValues,promotedValues,ranges,assignedCockpitItemTemplates;;true
8796224686274;;;;;true
8796224751810;;;;;true
8796224653506;;;;;true
8796224686274;;;;8796093089985->8796093122753;true
8796224686274;;;;8796093089985->8796093122753,8796093089984->8796093122752;true
8796093089985;8796093122753;8796534047339;facets,promotedFacets,promotedItems,promotedSorts,sorts,assignedCockpitItemTemplates;8796093089984->8796093122752;true
8796093089984;8796093122752;8796534080107;allDocuments,searchConfigurations,activationSet,assignedCockpitItemTemplates;;true
8796093089985;8796093122753;8796534047339;allDocuments,boostRules,excludedFacets,excludedItems,excludedSorts,facets,promotedFacets,promotedItems,promotedSorts,sorts,assignedCockpitItemTemplates;;true
8796275900466;;;;;true
8796275802162;;;;;true
8796275572786;;;;;true
