8796224161986;;;;;false
8796093089985;;;;;false
8796224194754;;;;;false
8796224227522;;;;;false
8796631203870;8796642574366;8796533097067;mediaContainer;;false
8796631203870;;;;8796274688050->8796274753586;true
8796631040030;8796642639902;8796533195371;mediaContainer;;false
8796631400478;8796642672670;8796533326443;mediaContainer;;false
8796631367710;8796642967582;8796532998763;mediaContainer;;false
8796631334942;8796642377758;8796532933227;mediaContainer;;false
8796631171102;8796642410526;8796533228139;mediaContainer;;false
8796631105566;8796642476062;8796533260907;mediaContainer;;false
8796631433246;8796642541598;8796533359211;mediaContainer;;false
8796631138334;8796642344990;8796533162603;mediaContainer;;false
8796631302174;8796642443294;8796533031531;mediaContainer;;false
8796631269406;8796642508830;8796533064299;mediaContainer;;false
8796631302174;;;;8796274655282->8796274786354;true
8796631105566;;;;8796274720818->8796274917426;true
8796631367710;;;;8796274589746->8796274819122;true
8796631269406;;;;8796274622514->8796274884658;true
8796631400478;;;;8796274556978->8796274851890;true
8796224293058;;;;;false
8796224260290;;;;;false
8796224325826;;;;;false
8796093089993;;;;;false
8796093057225;;;;;false
8796093122761;;;;;false
8796274688050;8796274950194;8796533391979;allDocuments,assignedCockpitItemTemplates,conversionGroup,medias;;true
8796093057224;;;;;false
8796125857992;;;;;false
8796125825224;;;;;false
8796274655282;8796274982962;8796533424747;allDocuments,assignedCockpitItemTemplates,conversionGroup,medias;;true
8796274720818;8796275048498;8796533523051;allDocuments,assignedCockpitItemTemplates,conversionGroup,medias;;true
8796274556978;8796275081266;8796533555819;allDocuments,assignedCockpitItemTemplates,conversionGroup,medias;;true
8796274622514;8796275114034;8796533490283;allDocuments,assignedCockpitItemTemplates,conversionGroup,medias;;true
8796274589746;8796275015730;8796533457515;allDocuments,assignedCockpitItemTemplates,conversionGroup,medias;;true
8796093089990;8796093122758;8796533588587;searchProfiles;;false
