8796160951368;;;;8796097905728->8796098200640;true
8796160885832;;;;8796098004032->8796098233408;true
8796160984136;;;;8796098036800->8796098266176;true
8796161016904;;;;8796098069568->8796098102336;true
8796160853064;;;;8796097872960->8796098167872;true
8796160984136;;;;;true
8796161016904;;;;;true
8796160853064;;;;8796097872960->8796098167872,8796097971264->8796098364480;true
8796097872960;8796098167872;8796534178411;entries,links,pages,assignedCockpitItemTemplates,comments,parent;8796097971264->8796098364480;true
8796160951368;;;;;true
8796160885832;;;;;true
8796160853064;;;;;true
8796160853064;;;;;true
8796160918600;;;;;true
8796160918600;;;;;true
8796097905728;8796098200640;8796534276715;entries,parent;;true
8796098004032;8796098233408;8796534112875;entries,parent;;true
8796098036800;8796098266176;8796534145643;entries,parent;;true
8796098069568;8796098102336;8796534211179;entries,parent;;true
8796097971264;8796098364480;8796534309483;allDocuments,children,entries,links,pages,assignedCockpitItemTemplates,comments,parent;;true
8796097872960;8796098167872;8796534178411;allDocuments,children,entries,links,pages,assignedCockpitItemTemplates,comments,parent;;true
