8796181791816;;;;;false
8796181726280;;;;;false
8796181824584;;;;;false
8796181693512;;;;;false
8796181660744;;;;;false
8796181759048;;;;;false
8796181791816;;;;8796126086208->8796126315584;false
8796181660744;;;;8796126250048->8796126413888;false
8796181824584;;;;8796126053440->8796126381120;false
8796181759048;;;;8796126217280->8796126348352;false
8796181726280;;;;8796126151744->8796126282816;false
8796181693512;;;;8796126118976->8796126446656;false
8796126086208;8796126315584;8798580605547;entries,parent;;false
8796220228668;;;;8796097479730->8796097512498;true
8796126250048;8796126413888;8798580638315;entries,parent;;false
8796126151744;8796126282816;8798580671083;entries,parent;;false
8796126053440;8796126381120;8798580736619;entries,parent;;false
8796126217280;8796126348352;8798580703851;entries,parent;;false
8796126053440;;;;8796126184512->8796126479424;true
8796126118976;8796126446656;8798580769387;entries,parent;;false
8796126184512;8796126544960;8798580802155;allDocuments,children,entries,links,pages,assignedCockpitItemTemplates,comments,parent;;true
8797763371038;;;;8796111569968->8796113732656;false
8796220228668;;;;8796297200682->8796301329450;true
8796097479730;;;;;true
8796111569968;8796113732656;8798578475627;previewImage;;false
8796297200682;8796301329450;8798548230763;allDocuments,cmsComponents,assignedCockpitItemTemplates,comments,originalSlot;;true
8797763403806;;;;8796111701040->8796113273904;false
8796111701040;8796113273904;8798553604715;previewImage;;false
