8796129035336;;;;8796097578048->8796097905728;true
8796129035336;;;;8796097578048->8796097905728;true
8796129100872;;;;8796097709120->8796097840192;true
8796129002568;;;;8796097676352->8796097872960;true
8796129133640;;;;8796097610816->8796097971264;true
8796129035336;;;;;true
8796129068104;;;;8796097774656->8796097938496;true
8796129133640;;;;;true
8796129100872;;;;;true
8796129002568;;;;;true
8796129068104;;;;;true
8796128969800;;;;;true
8796128969800;;;;;true
8796097578048;8796097905728;8797490545259;entries,parent;;true
8796097578048;8796097905728;8797490545259;allDocuments,children,entries,links,pages,assignedCockpitItemTemplates,comments,parent,name,parentPOS,synchronizationBlocked,title,uid,visible;;true
8796097709120;8796097840192;8797490643563;entries,parent;;true
8796097676352;8796097872960;8797490610795;entries,parent;;true
8796097610816;8796097971264;8797490512491;entries,parent;;true
8796097774656;8796097938496;8797490676331;entries,parent;;true
8796129035336;;;;8796097578048->8796097905728,8796097643584->8796098069568;false
8796097578048;8796097905728;8797490545259;entries;8796097643584->8796098069568;false
8796097643584;8796098069568;8797490709099;allDocuments,children,entries,links,pages,assignedCockpitItemTemplates,comments,parent;;true
