8796095187146;;;;;false
8796093810880;8796093876416;8798578803307;activationSet;;false
8796095154378;;;;;false
8796095252682;;;;;false
8796095219914;;;;;false
8796095285450;;;;;false
8796095383754;;;;;false
8796095416522;;;;;false
8796095350986;;;;;false
8796095318218;;;;;false
8796095482058;;;;;false
8796095449290;;;;;false
8796095514826;;;;;false
8796095547594;;;;;false
8796095580362;;;;;false
8796095613130;;;;;false
8796095678666;;;;;false
8796095645898;;;;;false
8796095711434;;;;;false
8796095744202;;;;;false
8796095776970;;;;;false
8796095809738;;;;;false
8796095842506;;;;;false
8796095875274;;;;;false
8796095940810;;;;;false
8796095908042;;;;;false
8796095973578;;;;;false
8796126382280;;;;;false
8796126447816;;;;;false
8796126415048;;;;;false
8796093450438;8796093515974;8798578868843;searchProfiles;;false
8796093712585;;;;;false
8796226914498;;;;;false
8796226750658;;;;;false
8796093647049;;;;;false
8796226980034;;;;;false
8796226783426;;;;;false
8796093679809;;;;;false
8796227012802;;;;;false
8796226947266;;;;;false
8796226848962;;;;;false
8796226816194;;;;;false
8796226881730;;;;;false
8796093679817;;;;;false
8797754982430;8797762682910;8798579065451;mediaContainer;;false
8797754982430;;;;8796404613170->8796404744242;true
8797755080734;8797762617374;8798578999915;mediaContainer;;false
8797755146270;8797762781214;8798578901611;mediaContainer;;false
8797755113502;8797762650142;8798578967147;mediaContainer;;false
8797755047966;8797762748446;8798578934379;mediaContainer;;false
8797755015198;8797762715678;8798579032683;mediaContainer;;false
8797755080734;;;;8796404580402->8796404678706;true
8797755015198;;;;8796404645938->8796404711474;true
8796404613170;8796404777010;8798579098219;allDocuments,assignedCockpitItemTemplates,conversionGroup,medias;;true
8796404645938;8796404809778;8798579130987;allDocuments,assignedCockpitItemTemplates,conversionGroup,medias;;true
8796404580402;8796404842546;8798579163755;allDocuments,assignedCockpitItemTemplates,conversionGroup,medias;;true
