8796226028604;;;;8796310766634->8796310832170;true
8796225897532;;;;8796310504490->8796310963242;true
8796225799228;;;;8796310635562->8796310930474;true
8796225799228;;;;8796310570026->8796311028778;true
8796569863213;;;;;false
8796569961517;;;;;false
8796569994285;;;;;false
8796570027053;;;;;false
8796569928749;;;;;false
8796569830445;;;;;false
8796570059821;;;;;false
8796569895981;;;;;false
8796310766634;8796311127082;8798601904747;allDocuments,cmsComponents,assignedCockpitItemTemplates,comments,originalSlot;;true
8796310504490;8796311159850;8798601937515;allDocuments,cmsComponents,assignedCockpitItemTemplates,comments,originalSlot;;true
8796570092589;;;;;false
8796570125357;;;;;false
8796310635562;8796311192618;8798601970283;allDocuments,cmsComponents,assignedCockpitItemTemplates,comments,originalSlot;;true
8796310570026;8796311225386;8798602003051;allDocuments,cmsComponents,assignedCockpitItemTemplates,comments,originalSlot;;true
8796570223661;;;;;false
8796570158125;;;;;false
8796570256429;;;;;false
8796570190893;;;;;false
8796570354733;;;;;false
8796570420269;;;;;false
8796225733692;;;;8796310537258->8796310799402;false
8796570387501;;;;;false
8796570321965;;;;;false
8796570289197;;;;;false
8796570485805;;;;;false
8796570518573;;;;;false
8796570453037;;;;;false
8796570584109;;;;;false
8796570551341;;;;;false
8796310537258;8796310799402;8798602035819;cmsComponents;;false
8796225995836;;;;8796310701098->8796311061546;false
8796310701098;8796311061546;8798602068587;cmsComponents;;false
8796225831996;;;;8796310471722->8796310897706;false
8796310471722;8796310897706;8798602101355;cmsComponents;;false
8796226061372;;;;8796310733866->8796311094314;false
8796310733866;8796311094314;8798602134123;cmsComponents;;false
8796225864764;;;;8796310668330->8796310864938;false
8796310668330;8796310864938;8798602166891;cmsComponents;;false
8796225864764;;;;8796310602794->8796310996010;false
8796310602794;8796310996010;8798602199659;cmsComponents;;false
8796115698736;;;;;false
8796115731504;;;;;false
