8796113372205;;;;;false
8796113404973;;;;;false
8796113470509;;;;;false
8796113437741;;;;;false
8796168520746;8796168684586;8797494936171;allDocuments,cmsComponents,assignedCockpitItemTemplates,comments,originalSlot;;true
8796113536045;;;;;false
8796113503277;;;;;false
8796113601581;;;;;false
8796113568813;;;;;false
8796113634349;;;;;false
8796113667117;;;;;false
8796113699885;;;;;false
8796113732653;;;;;false
8796113798189;;;;;false
8796113765421;;;;;false
8796113830957;;;;;false
8796113896493;;;;;false
8796113863725;;;;;false
8796113929261;;;;;false
8796114027565;;;;;false
8796113962029;;;;;false
8796113994797;;;;;false
8796114093101;;;;;false
8796114060333;;;;;false
8796114125869;;;;;false
8796097119280;;;;;false
8796097086512;;;;;false
8796097020976;;;;;false
8796097152048;;;;;false
8796097053744;;;;;false
8796097184816;;;;;false
8796096988208;;;;;false
8796096955440;;;;;false
8796499804190;;;;8796111438908->8796111471676;true
8796111438908;;;;;true
